,Países,Inmigrantes hombres,Inmigrantes mujeres,Inmigrantes,% Inmigrantes,Var.
0,España,838.058,819.227,1.657.285,"4,08%","1,52"
1,Alemania,4.503.666,4.488.965,8.992.631,"10,93%","1,81"
2,Reino Unido,2.228.628,2.501.537,4.730.165,"8,02%","0,87"
3,Francia,3.092.789,3.185.929,6.278.718,"10,30%","0,07"
4,Italia,976.691,1.144.997,2.121.688,"3,72%","0,60"
5,Portugal,320.319,331.153,651.472,"6,31%","1,00"
6,Estados Unidos,17.310.785,17.503.268,34.814.053,"12,34%","1,66"
7,Japón,796.928,889.516,1.686.444,"1,33%","0,24"
8,China,254.082,253.952,508.034,"0,04%",0
9,Andorra,22.093,20.054,42.147,"64,01%","-5,21"
10,Emiratos Árabes Unidos,1.757.200,689.810,2.447.010,"81,70%","6,04"
11,Afganistán,42.848,33.069,75.917,"0,37%","-0,02"
12,Antigua y Barbuda,10.316,12.755,23.071,"30,36%","4,17"
13,Albania,35.990,40.705,76.695,"2,50%","0,22"
14,Armenia,270.170,387.730,657.900,"20,46%","-0,90"
15,Angola,23.367,22.741,46.108,"0,27%",0
16,Argentina,717.924,822.295,1.540.219,"4,19%","-0,40"
17,Austria,478.318,518.229,996.547,"12,42%","1,17"
18,Australia,2.189.900,2.196.350,4.386.250,"22,92%",0
19,Azerbaiyán,141.161,186.379,327.540,"4,05%","-0,40"
20,Bosnia y Herzegovina,39.691,43.261,82.952,"2,19%","0,39"
21,Barbados,12.405,16.019,28.424,"10,53%","0,63"
22,Bangladés,531.907,455.946,987.853,"0,77%","-0,04"
23,Bélgica,636.275,632.093,1.268.368,"12,36%","-0,34"
24,Burkina Faso,250.555,269.808,520.363,"4,48%","-0,12"
25,Bulgaria,18.238,25.122,43.360,"0,53%","0,14"
26,Baréin,165.344,74.017,239.361,"37,52%","0,67"
27,Burundi,61.094,64.534,125.628,"1,88%","-2,38"
28,Benín,72.190,62.465,134.655,"1,96%","0,17"
29,Brunéi,53.807,42.489,96.296,"29,63%","0,10"
30,Bolivia,47.665,44.993,92.658,"1,10%",0
31,Brasil,366.156,318.440,684.596,"0,39%","-0,08"
32,Bahamas,19.414,17.040,36.454,"12,03%","0,68"
33,Bután,26.200,5.937,32.137,"5,76%","0,20"
34,Botsuana,43.840,31.094,74.934,"4,56%","1,85"
35,Bielorrusia,514.593,608.993,1.123.586,"11,25%","-0,41"
36,Belice,18.631,17.857,36.488,"14,60%","-0,81"
37,Canadá,2.659.135,2.852.779,5.511.914,"17,96%","1,36"
38,República Democrática del Congo,365.092,379.295,744.387,"1,55%","-2,82"
39,República Centroafricana,65.636,57.893,123.529,"3,40%","0,36"
40,República del Congo,153.107,152.773,305.880,"10,71%","3,12"
41,Suiza,841.855,728.901,1.570.756,"21,80%","0,86"
42,Costa de Marfil,1.198.496,965.148,2.163.644,"13,41%","-1,26"
43,Chile,84.717,92.615,177.332,"1,16%","0,17"
44,Camerún,124.008,103.234,227.242,"1,46%","-0,35"
45,Colombia,56.223,53.386,109.609,"0,28%","-0,01"
46,Costa Rica,156.798,154.148,310.946,"8,16%","-2,34"
47,Cuba,7.840,9.978,17.818,"0,16%","-0,08"
48,Cabo Verde,5.753,5.274,11.027,"2,53%","-0,04"
49,Chipre,34.745,45.331,80.076,"11,48%","2,04"
50,Chequia,119.227,101.562,220.789,"2,16%","0,56"
51,Yibuti,52.920,47.587,100.507,"14,00%","-1,84"
52,Dinamarca,179.977,191.049,371.026,"6,94%","1,17"
53,Dominica,1.955,1.768,3.723,"5,24%","0,84"
54,República Dominicana,216.008,139.603,355.611,"4,23%","0,07"
55,Argelia,137.158,112.952,250.110,"0,82%","-0,11"
56,Ecuador,77.227,74.296,151.523,"1,21%","0,22"
57,Estonia,100.844,148.668,249.512,"17,92%","-4,24"
58,Egipto,98.224,86.550,184.774,"0,29%",0
59,Eritrea,6.856,6.096,12.952,"0,57%","0,01"
60,Etiopía,322.219,289.165,611.384,"0,96%","-0,50"
61,Finlandia,67.469,68.734,136.203,"2,63%","0,68"
62,Fiyi,6.601,6.118,12.719,"1,59%","-0,10"
63,Estados Federados de Micronesia,1.721,1.395,3.116,"2,91%","-0,24"
64,Gabón,122.986,91.445,214.431,"17,80%","1,70"
65,Granada,3.386,3.439,6.825,"6,63%","1,09"
66,Georgia,33.321,42.796,76.117,"1,73%","-1,53"
67,Ghana,97.279,94.322,191.601,"1,01%","-0,58"
68,Gambia,97.138,85.376,182.514,"13,85%","0,32"
69,Guinea,279.108,280.967,560.075,"6,40%","-3,48"
70,Guinea Ecuatorial,2.394,2.123,4.517,"0,74%","0,02"
71,Grecia,559.794,551.871,1.111.665,"10,26%","2,16"
72,Guatemala,21.211,26.908,48.119,"0,41%","-1,09"
73,Guinea-Bisáu,10.155,10.295,20.450,"1,71%","-0,90"
74,Guyana,4.611,3.999,8.610,"1,16%","0,29"
75,Hong Kong,1.225.629,1.443.493,2.669.122,"39,77%","0,79"
76,Honduras,14.581,13.880,28.461,"0,43%","-2,19"
77,Croacia,274.823,310.475,585.298,"13,63%","-1,08"
78,Haiti,9.572,7.650,17.222,"0,20%","-0,03"
79,Hungría,138.219,158.738,296.957,"2,91%","-0,21"
80,Indonesia,153.315,138.992,292.307,"0,14%","-0,05"
81,Irlanda,172.959,177.593,350.552,"9,15%","2,88"
82,Israel,853.712,997.597,1.851.309,"29,45%","-2,89"
83,India,3.303.591,3.107.740,6.411.331,"0,61%","-0,11"
84,Irak,120.464,90.061,210.525,"0,90%","-0,09"
85,Irán,1.662.264,1.141.541,2.803.805,"4,41%","-0,55"
86,Islandia,7.207,8.685,15.892,"5,61%","0,86"
87,Jamaica,12.503,12.449,24.952,"0,97%","0,05"
88,Jordania,982.977,944.868,1.927.845,"37,64%","4,14"
89,Kenia,352.933,354.919,707.852,"2,40%","-0,03"
90,Kirguistán,162.927,226.897,389.824,"8,00%","-3,45"
91,Camboya,71.638,74.447,146.085,"1,20%","0,34"
92,Kiribati,1.188,1.095,2.283,"2,72%","-0,13"
93,Comoras,6.511,7.288,13.799,"2,56%","-0,31"
94,San Cristóbal y Nieves,3.068,2.803,5.871,"13,05%","3,17"
95,Corea del Norte,17.731,18.452,36.183,"0,16%",0
96,Corea del Sur,143.212,101.012,244.224,"0,52%","0,25"
97,Kuwait,761.512,366.128,1.127.640,"50,86%","3,82"
98,Kazajistán,1.323.580,1.550.614,2.874.194,"19,33%","-1,41"
99,Laos,11.564,10.384,21.948,"0,41%","-0,08"
100,Líbano,353.305,339.608,692.913,"18,03%","0,79"
101,Santa Lucía,4.960,4.911,9.871,"6,33%","1,40"
102,Liechtenstein,7.980,7.503,15.483,"47,11%","4,06"
103,Sri Lanka,21.971,18.161,40.132,"0,21%","-0,01"
104,Liberia,82.129,69.739,151.868,"5,33%","-4,87"
105,Lesoto,3.335,2.832,6.167,"0,33%","-0,05"
106,Lituania,100.546,113.765,214.311,"6,15%","-1,42"
107,Luxemburgo,69.286,70.464,139.750,"31,83%","1,19"
108,Letonia,177.632,252.546,430.178,"18,28%","-3,51"
109,Libia,368.950,198.486,567.436,"10,95%","0,25"
110,Marruecos,27.233,25.801,53.034,"0,19%",0
111,Mónaco,10.458,11.329,21.787,"67,77%","-0,76"
112,Moldavia,101.097,146.731,247.828,"6,82%","-1,66"
113,Madagascar,13.276,10.265,23.541,"0,16%",0
114,Islas Marshall,1.164,727,1.891,"3,71%","0,78"
115,Macedonia del Norte,52.385,73.280,125.665,"6,19%","0,64"
116,Malí,97.752,91.723,189.475,"1,73%","-0,11"
117,Birmania - Myanmar,52.150,45.861,98.011,"0,22%","-0,04"
118,Mongolia,4.564,3.642,8.206,"0,34%","0,01"
119,Mauritania,31.163,26.203,57.366,"2,17%","-1,74"
120,Malta,10.289,11.232,21.521,"5,50%","0,81"
121,Mauricio,5.705,9.838,15.543,"1,31%","0,64"
122,Maldivas,14.907,12.185,27.092,"10,03%","2,47"
123,Malaui,111.530,121.090,232.620,"1,93%","-0,34"
124,México,270.896,267.155,538.051,"0,54%","0,04"
125,Malasia,822.679,640.919,1.463.598,"6,23%","1,70"
126,Mozambique,103.175,92.527,195.702,"1,10%","0,01"
127,Namibia,73.154,62.393,135.547,"7,42%","0,18"
128,Níger,58.192,64.068,122.260,"1,08%","-0,46"
129,Nigeria,270.211,217.671,487.882,"0,40%","-0,03"
130,Nicaragua,15.423,14.966,30.389,"0,61%","0,01"
131,Países Bajos,765.302,791.035,1.556.337,"9,73%","1,04"
132,Noruega,144.826,147.614,292.440,"6,49%","1,15"
133,Nepal,241.959,475.941,717.900,"3,00%","-0,20"
134,Nauru,1.283,1.111,2.394,"23,65%","-0,87"
135,Nueva Zelanda,329.927,348.886,678.813,"17,59%","1,58"
136,Omán,488.389,135.219,623.608,"25,96%","1,11"
137,Panamá,42.437,40.973,83.410,"2,74%","0,16"
138,Perú,32.839,33.461,66.300,"0,25%","0,02"
139,Papúa Nueva Guinea,15.874,10.430,26.304,"0,51%","-0,23"
140,Filipinas,161.904,156.191,318.095,"0,41%","0,11"
141,Pakistán,2.249.960,1.931.952,4.181.912,"2,94%","0,02"
142,Polonia,338.323,486.928,825.251,"2,16%","-0,34"
143,Estado de Palestina,124.555,150.647,275.202,"9,01%","-2,34"
144,Palaos,3.905,2.405,6.310,"33,21%","5,53"
145,Paraguay,92.052,84.556,176.608,"3,34%","-0,57"
146,Catar,274.242,85.455,359.697,"60,56%","-11,63"
147,Rumanía,63.121,71.133,134.254,"0,60%",0
148,Serbia,437.602,540.271,977.873,"13,03%","1,61"
149,Rusia,5.982.851,5.917.446,11.900.297,"8,13%","0,09"
150,Ruanda,175.741,171.335,347.076,"4,51%","0,91"
151,Arabia Saudita,3.517.768,1.745.619,5.263.387,"25,71%","-2,54"
152,Islas Salomón,2.224,1.757,3.981,"0,96%","-0,20"
153,Seychelles,3.837,2.737,6.574,"8,12%","1,26"
154,Sudán,404.618,400.468,805.086,"2,59%","-1,18"
155,Suecia,480.211,523.587,1.003.798,"11,30%","0,71"
156,Singapur,601.671,750.020,1.351.691,"33,56%","5,43"
157,Eslovenia,114.772,99.736,214.508,"10,78%","2,02"
158,Eslovaquia,51.253,65.123,116.376,"2,16%","0,87"
159,Sierra Leona,54.184,43.790,97.974,"2,14%","-0,15"
160,San Marino,2.175,1.870,4.045,"14,73%","0,62"
161,Senegal,121.492,110.409,231.901,"2,37%","-0,94"
162,Somalia,10.628,9.469,20.097,"0,23%","-0,03"
163,Surinam,14.938,12.568,27.506,"5,89%","0,78"
164,Sudán del Sur,0,0,0,0%,0
165,Santo Tomé y Príncipe,2.212,2.153,4.365,"3,14%","-0,75"
166,El Salvador,14.909,16.804,31.713,"0,54%","-0,16"
167,Siria,427.981,406.935,834.916,"5,06%","-0,63"
168,Suazilandia,17.921,16.163,34.084,"3,57%","-0,36"
169,Chad,56.463,48.362,104.825,"1,25%","-0,03"
170,Togo,69.112,68.856,137.968,"2,80%","0,40"
171,Tailandia,647.728,610.093,1.257.821,"2,00%","0,64"
172,Tayikistán,131.653,167.846,299.499,"4,82%","-1,33"
173,Timor Oriental,5.095,5.507,10.602,"1,20%","0,05"
174,Turkmenistán,102.810,116.257,219.067,"4,84%","-1,65"
175,Túnez,18.679,18.040,36.719,"0,38%","-0,04"
176,Tonga,1.981,1.703,3.684,"3,72%","0,34"
177,Türkiye,616.007,664.956,1.280.963,"1,98%","0,03"
178,Trinidad y Tobago,19.288,22.465,41.753,"3,30%","-0,37"
179,Tuvalu,121,97,218,"2,32%","-0,51"
180,Tanzania,481.816,467.784,949.600,"2,92%","-0,92"
181,Ucrania,2.368.364,3.158.723,5.527.087,"11,36%","-0,77"
182,Uganda,290.859,293.421,584.280,"2,68%","-0,58"
183,Uruguay,41.095,47.779,88.874,"2,65%","-0,24"
184,Uzbekistán,606.163,800.335,1.406.498,"5,74%","-0,93"
185,San Vicente y las Granadinas,2.099,2.208,4.307,"3,99%","0,13"
186,Venezuela,508.682,505.056,1.013.738,"4,16%","-0,53"
187,Vietnam,32.825,23.929,56.754,"0,07%",0
188,Vanuatu,1.320,1.306,2.626,"1,37%","-0,09"
189,Samoa,3.101,2.897,5.998,"3,45%","0,69"
190,Yemen,80.514,64.426,144.940,"0,81%","-0,08"
191,Sudáfrica,607.602,409.361,1.016.963,"2,26%","-0,16"
192,Zambia,175.114,168.589,343.703,"3,25%","0,61"
193,Zimbabue,233.881,176.228,410.109,"3,51%","-0,23"
0,España,2.140.680,1.966.546,4.107.226,"9,33%","5,25"
1,Alemania,4.676.178,4.726.269,9.402.447,"11,41%","0,48"
2,Reino Unido,2.818.177,3.107.979,5.926.156,"9,78%","1,76"
3,Francia,3.300.859,3.436.741,6.737.600,"10,66%","0,36"
4,Italia,1.820.290,2.134.500,3.954.790,"6,81%","3,09"
5,Portugal,376.774,394.410,771.184,"7,34%","1,03"
6,Estados Unidos,19.614.878,19.643.415,39.258.293,"13,28%","0,94"
7,Japón,931.198,1.080.357,2.011.555,"1,57%","0,24"
8,China,379.920,299.027,678.947,"0,05%","0,01"
9,Andorra,26.466,23.832,50.298,"64,03%","0,02"
10,Emiratos Árabes Unidos,2.388.299,892.816,3.281.115,"79,91%","-1,79"
11,Afganistán,49.274,38.026,87.300,"0,42%","0,05"
12,Antigua y Barbuda,11.052,13.689,24.741,"30,93%","0,57"
13,Albania,32.993,31.746,64.739,"2,16%","-0,34"
14,Armenia,191.401,277.718,469.119,"14,57%","-5,89"
15,Angola,30.240,31.089,61.329,"0,31%","0,04"
16,Argentina,774.810,898.278,1.673.088,"4,34%","0,15"
17,Austria,543.618,592.652,1.136.270,"13,77%","1,35"
18,Australia,2.419.190,2.458.840,4.878.030,"24,02%","1,10"
19,Azerbaiyán,135.336,166.884,302.220,"3,58%","-0,47"
20,Bosnia y Herzegovina,22.473,24.799,47.272,"1,23%","-0,96"
21,Barbados,13.575,17.049,30.624,"11,18%","0,65"
22,Bangladés,621.228,545.472,1.166.700,"0,84%","0,07"
23,Bélgica,620.924,627.809,1.248.733,"11,88%","-0,48"
24,Burkina Faso,285.871,311.787,597.658,"4,45%","-0,03"
25,Bulgaria,26.594,34.480,61.074,"0,80%","0,27"
26,Baréin,288.614,115.404,404.018,"45,45%","7,93"
27,Burundi,84.805,88.069,172.874,"2,30%","0,42"
28,Benín,107.882,114.007,221.889,"2,78%","0,82"
29,Brunéi,55.265,43.176,98.441,"27,42%","-2,21"
30,Bolivia,56.019,51.726,107.745,"1,17%","0,07"
31,Brasil,343.019,295.563,638.582,"0,35%","-0,04"
32,Bahamas,23.646,21.949,45.595,"14,03%","2,00"
33,Bután,32.742,7.537,40.279,"6,45%","0,69"
34,Botsuana,49.132,35.482,84.614,"4,70%","0,14"
35,Bielorrusia,506.988,599.994,1.106.982,"11,35%","0,10"
36,Belice,21.045,20.379,41.424,"14,59%","-0,01"
37,Canadá,2.915.838,3.163.147,6.078.985,"18,85%","0,89"
38,República Democrática del Congo,302.290,320.579,622.869,"1,11%","-0,44"
39,República Centroafricana,50.236,44.213,94.449,"2,34%","-1,06"
40,República del Congo,173.229,145.495,318.724,"9,86%","-0,85"
41,Suiza,922.387,883.050,1.805.437,"24,20%","2,40"
42,Costa de Marfil,1.254.690,1.010.400,2.265.090,"12,35%","-1,06"
43,Chile,131.414,144.946,276.360,"1,71%","0,55"
44,Camerún,146.129,119.374,265.503,"1,50%","0,04"
45,Colombia,55.706,51.906,107.612,"0,26%","-0,02"
46,Costa Rica,176.335,181.840,358.175,"8,50%","0,34"
47,Cuba,5.252,6.683,11.935,"0,11%","-0,05"
48,Cabo Verde,6.523,6.177,12.700,"2,67%","0,14"
49,Chipre,50.421,66.744,117.165,"15,75%","4,27"
50,Chequia,181.719,140.821,322.540,"3,15%","0,99"
51,Yibuti,51.315,40.776,92.091,"11,76%","-2,24"
52,Dinamarca,213.097,227.286,440.383,"8,11%","1,17"
53,Dominica,2.491,2.253,4.744,"6,68%","1,44"
54,República Dominicana,228.180,147.821,376.001,"4,19%","-0,04"
55,Argelia,108.266,89.156,197.422,"0,60%","-0,22"
56,Ecuador,96.188,91.216,187.404,"1,37%","0,16"
57,Estonia,94.244,139.457,233.701,"17,30%","-0,62"
58,Egipto,165.211,119.795,285.006,"0,40%","0,11"
59,Eritrea,7.729,6.585,14.314,"0,51%","-0,06"
60,Etiopía,269.725,244.517,514.242,"0,68%","-0,28"
61,Finlandia,96.429,95.740,192.169,"3,66%","1,03"
62,Fiyi,6.564,5.871,12.435,"1,51%","-0,08"
63,Estados Federados de Micronesia,1.565,1.340,2.905,"2,74%","-0,17"
64,Gabón,135.107,98.717,233.824,"17,14%","-0,66"
65,Granada,3.424,3.478,6.902,"6,57%","-0,06"
66,Georgia,31.655,40.656,72.311,"1,64%","-0,09"
67,Ghana,156.778,147.658,304.436,"1,42%","0,41"
68,Gambia,96.230,85.675,181.905,"11,78%","-2,07"
69,Guinea,111.738,117.873,229.611,"2,40%","-4,00"
70,Guinea Ecuatorial,3.564,3.024,6.588,"0,87%","0,13"
71,Grecia,587.677,603.030,1.190.707,"10,82%","0,56"
72,Guatemala,26.064,31.188,57.252,"0,44%","0,03"
73,Guinea-Bisáu,10.298,10.438,20.736,"1,56%","-0,15"
74,Guyana,5.817,5.051,10.868,"1,46%","0,30"
75,Hong Kong,1.185.121,1.536.114,2.721.235,"39,80%","0,03"
76,Honduras,14.444,13.431,27.875,"0,37%","-0,06"
77,Croacia,271.645,307.628,579.273,"13,43%","-0,20"
78,Haiti,9.093,7.267,16.360,"0,18%","-0,02"
79,Hungría,174.216,192.571,366.787,"3,64%","0,73"
80,Indonesia,165.493,124.075,289.568,"0,13%","-0,01"
81,Irlanda,309.910,279.136,589.046,"14,00%","4,85"
82,Israel,867.805,1.021.698,1.889.503,"27,28%","-2,17"
83,India,3.045.849,2.878.096,5.923.945,"0,52%","-0,09"
84,Irak,80.883,52.032,132.915,"0,49%","-0,41"
85,Irán,1.410.319,1.158.611,2.568.930,"3,70%","-0,71"
86,Islandia,12.413,13.079,25.492,"8,50%","2,89"
87,Jamaica,12.263,12.051,24.314,"0,92%","-0,05"
88,Jordania,1.183.645,1.141.769,2.325.414,"40,33%","2,69"
89,Kenia,400.364,372.990,773.354,"2,29%","-0,11"
90,Kirguistán,128.064,181.335,309.399,"6,02%","-1,98"
91,Camboya,57.511,56.520,114.031,"0,85%","-0,35"
92,Kiribati,1.312,1.175,2.487,"2,70%","-0,02"
93,Comoras,6.286,6.923,13.209,"2,19%","-0,37"
94,San Cristóbal y Nieves,3.501,3.181,6.682,"13,64%","0,59"
95,Corea del Norte,19.749,20.348,40.097,"0,17%","0,01"
96,Corea del Sur,284.305,201.760,486.065,"1,01%","0,49"
97,Kuwait,918.580,414.747,1.333.327,"44,58%","-6,28"
98,Kazajistán,1.472.820,1.630.207,3.103.027,"20,39%","1,06"
99,Laos,10.930,9.441,20.371,"0,35%","-0,06"
100,Líbano,390.331,366.453,756.784,"16,11%","-1,92"
101,Santa Lucía,4.843,4.999,9.842,"6,00%","-0,33"
102,Liechtenstein,9.434,9.464,18.898,"54,14%","7,03"
103,Sri Lanka,21.318,18.208,39.526,"0,20%","-0,01"
104,Liberia,51.183,36.005,87.188,"2,71%","-2,62"
105,Lesoto,3.402,2.888,6.290,"0,34%","0,01"
106,Lituania,94.189,107.020,201.209,"6,12%","-0,03"
107,Luxemburgo,74.951,75.667,150.618,"32,11%","0,28"
108,Letonia,154.745,221.980,376.725,"16,91%","-1,37"
109,Libia,445.597,179.615,625.212,"11,18%","0,23"
110,Marruecos,27.543,26.836,54.379,"0,18%","-0,01"
111,Mónaco,10.322,10.990,21.312,"62,98%","-4,79"
112,Moldavia,67.924,103.198,171.122,"4,77%","-2,05"
113,Madagascar,14.744,11.314,26.058,"0,15%","-0,01"
114,Islas Marshall,1.485,932,2.417,"4,74%","1,03"
115,Macedonia del Norte,53.220,74.447,127.667,"6,26%","0,07"
116,Malí,132.244,124.553,256.797,"2,01%","0,28"
117,Birmania - Myanmar,44.506,38.519,83.025,"0,17%","-0,05"
118,Mongolia,7.577,3.900,11.477,"0,45%","0,11"
119,Mauritania,32.588,25.531,58.119,"1,91%","-0,26"
120,Malta,11.899,12.661,24.560,"6,06%","0,56"
121,Mauricio,8.943,10.704,19.647,"1,60%","0,29"
122,Maldivas,27.079,17.966,45.045,"15,32%","5,29"
123,Malaui,105.931,115.730,221.661,"1,62%","-0,31"
124,México,359.642,352.845,712.487,"0,67%","0,13"
125,Malasia,1.133.541,784.963,1.918.504,"7,25%","1,02"
126,Mozambique,127.908,136.771,264.679,"1,29%","0,19"
127,Namibia,57.625,49.722,107.347,"5,49%","-1,93"
128,Níger,59.170,65.291,124.461,"0,91%","-0,17"
129,Nigeria,564.384,404.910,969.294,"0,70%","0,30"
130,Nicaragua,17.773,17.145,34.918,"0,64%","0,03"
131,Países Bajos,843.444,892.683,1.736.127,"10,63%","0,90"
132,Noruega,176.444,184.700,361.144,"7,78%","1,29"
133,Nepal,235.203,444.254,679.457,"2,64%","-0,36"
134,Nauru,1.208,1.045,2.253,"22,53%","-1,12"
135,Nueva Zelanda,407.690,432.262,839.952,"20,31%","2,72"
136,Omán,527.842,138.318,666.160,"25,45%","-0,51"
137,Panamá,59.812,57.751,117.563,"3,51%","0,77"
138,Perú,38.959,38.918,77.877,"0,28%","0,03"
139,Papúa Nueva Guinea,17.920,12.186,30.106,"0,52%","0,01"
140,Filipinas,133.023,124.445,257.468,"0,30%","-0,11"
141,Pakistán,1.708.514,1.462.618,3.171.132,"2,01%","-0,93"
142,Polonia,297.039,425.470,722.509,"1,89%","-0,27"
143,Estado de Palestina,119.621,146.996,266.617,"7,60%","-1,41"
144,Palaos,3.620,2.423,6.043,"30,22%","-2,99"
145,Paraguay,87.698,80.545,168.243,"2,91%","-0,43"
146,Catar,498.428,147.598,646.026,"78,69%","18,13"
147,Rumanía,70.153,75.009,145.162,"0,68%","0,08"
148,Serbia,383.088,471.760,854.848,"11,51%","-1,52"
149,Rusia,5.806.597,5.860.991,11.667.588,"8,17%","0,04"
150,Ruanda,213.279,209.908,423.187,"4,81%","0,30"
151,Arabia Saudita,4.469.805,2.032.014,6.501.819,"27,87%","2,16"
152,Islas Salomón,1.830,1.441,3.271,"0,70%","-0,26"
153,Seychelles,5.820,3.177,8.997,"10,84%","2,72"
154,Sudán,278.084,268.335,546.419,"1,55%","-1,04"
155,Suecia,538.490,587.300,1.125.790,"12,44%","1,14"
156,Singapur,758.762,951.832,1.710.594,"40,10%","6,54"
157,Eslovenia,116.741,100.477,217.218,"10,84%","0,06"
158,Eslovaquia,58.716,71.775,130.491,"2,43%","0,27"
159,Sierra Leona,76.621,69.429,146.050,"2,59%","0,45"
160,San Marino,2.302,1.916,4.218,"14,06%","-0,67"
161,Senegal,124.854,113.444,238.298,"2,15%","-0,22"
162,Somalia,11.047,9.623,20.670,"0,20%","-0,03"
163,Surinam,18.340,15.324,33.664,"6,75%","0,86"
164,Sudán del Sur,0,0,0,0%,0
165,Santo Tomé y Príncipe,1.727,1.706,3.433,"2,21%","-0,93"
166,El Salvador,17.029,18.990,36.019,"0,60%","0,06"
167,Siria,450.438,427.870,878.308,"4,59%","-0,47"
168,Suazilandia,17.369,16.023,33.392,"3,34%","-0,23"
169,Chad,159.715,192.347,352.062,"3,49%","2,24"
170,Togo,103.055,100.744,203.799,"3,63%","0,83"
171,Tailandia,1.086.166,1.077.281,2.163.447,"3,31%","1,31"
172,Tayikistán,121.403,159.063,280.466,"4,09%","-0,73"
173,Timor Oriental,5.578,5.708,11.286,"1,13%","-0,07"
174,Turkmenistán,101.214,111.839,213.053,"4,48%","-0,36"
175,Túnez,18.000,17.040,35.040,"0,35%","-0,03"
176,Tonga,2.324,1.977,4.301,"4,26%","0,54"
177,Türkiye,618.938,700.298,1.319.236,"1,92%","-0,06"
178,Trinidad y Tobago,20.647,24.165,44.812,"3,46%","0,16"
179,Tuvalu,115,94,209,"2,09%","-0,23"
180,Tanzania,486.983,284.170,771.153,"2,06%","-0,86"
181,Ucrania,2.168.060,2.882.242,5.050.302,"10,80%","-0,56"
182,Uganda,292.130,301.178,593.308,"2,30%","-0,38"
183,Uruguay,37.658,44.659,82.317,"2,46%","-0,19"
184,Uzbekistán,589.690,740.242,1.329.932,"5,11%","-0,63"
185,San Vicente y las Granadinas,2.198,2.238,4.436,"4,11%","0,12"
186,Venezuela,538.197,538.277,1.076.474,"4,07%","-0,09"
187,Vietnam,31.106,20.662,51.768,"0,06%","-0,01"
188,Vanuatu,1.398,1.402,2.800,"1,31%","-0,06"
189,Samoa,2.940,2.806,5.746,"3,19%","-0,26"
190,Yemen,98.879,72.992,171.871,"0,84%","0,03"
191,Sudáfrica,782.272,568.759,1.351.031,"2,82%","0,56"
192,Zambia,128.628,124.267,252.895,"2,10%","-1,15"
193,Zimbabue,229.254,172.972,402.226,"3,40%","-0,11"
0,España,3.238.238,3.041.827,6.280.065,"13,46%","4,13"
1,Alemania,4.848.689,4.963.574,9.812.263,"12,23%","0,82"
2,Reino Unido,3.454.456,3.665.208,7.119.664,"11,30%","1,52"
3,Francia,3.554.527,3.755.459,7.309.986,"11,25%","0,59"
4,Italia,2.663.889,3.124.004,5.787.893,"9,75%","2,94"
5,Portugal,371.536,391.289,762.825,"7,22%","-0,12"
6,Estados Unidos,21.694.169,22.489.474,44.183.643,"14,28%","1,00"
7,Japón,972.481,1.161.670,2.134.151,"1,67%","0,10"
8,China,505.758,344.103,849.861,"0,06%","0,01"
9,Andorra,27.287,24.766,52.053,"66,64%","2,61"
10,Emiratos Árabes Unidos,5.463.446,1.853.251,7.316.697,"88,54%","8,63"
11,Afganistán,57.709,44.537,102.246,"0,42%",0
12,Antigua y Barbuda,11.788,14.624,26.412,"31,07%","0,14"
13,Albania,26.901,25.883,52.784,"1,82%","-0,34"
14,Armenia,85.669,125.478,211.147,"6,47%","-8,10"
15,Angola,160.275,171.851,332.126,"1,44%","1,13"
16,Argentina,831.696,974.261,1.805.957,"4,43%","0,09"
17,Austria,608.918,667.074,1.275.992,"15,24%","1,47"
18,Australia,2.922.030,2.960.950,5.882.980,"26,53%","2,51"
19,Azerbaiyán,129.512,147.389,276.901,"3,04%","-0,54"
20,Bosnia y Herzegovina,18.504,20.288,38.792,"1,01%","-0,22"
21,Barbados,14.746,18.079,32.825,"11,72%","0,54"
22,Bangladés,710.548,634.998,1.345.546,"0,91%","0,07"
23,Bélgica,726.881,776.925,1.503.806,"13,67%","1,79"
24,Burkina Faso,320.939,353.499,674.438,"4,32%","-0,13"
25,Bulgaria,33.841,42.446,76.287,"1,04%","0,24"
26,Baréin,475.905,181.951,657.856,"53,27%","7,82"
27,Burundi,115.823,119.436,235.259,"2,68%","0,38"
28,Benín,143.575,165.549,309.124,"3,36%","0,58"
29,Brunéi,56.723,43.864,100.587,"25,99%","-1,43"
30,Bolivia,64.380,58.466,122.846,"1,22%","0,05"
31,Brasil,319.882,272.686,592.568,"0,30%","-0,05"
32,Bahamas,27.878,26.858,54.736,"15,87%","1,84"
33,Bután,39.283,9.137,48.420,"7,26%","0,81"
34,Botsuana,53.881,40.733,94.614,"4,76%","0,06"
35,Bielorrusia,499.384,590.994,1.090.378,"11,50%","0,15"
36,Belice,23.459,22.901,46.360,"14,40%","-0,19"
37,Canadá,3.236.539,3.524.687,6.761.226,"19,88%","1,03"
38,República Democrática del Congo,284.244,304.706,588.950,"0,89%","-0,22"
39,República Centroafricana,49.743,43.723,93.466,"2,13%","-0,21"
40,República del Congo,231.105,194.068,425.173,"11,63%","1,77"
41,Suiza,1.005.381,1.069.801,2.075.182,"26,37%","2,17"
42,Costa de Marfil,1.310.459,1.056.078,2.366.537,"11,35%","-1,00"
43,Chile,178.111,197.277,375.388,"2,20%","0,49"
44,Camerún,161.485,129.989,291.474,"1,43%","-0,07"
45,Colombia,65.622,58.649,124.271,"0,28%","0,02"
46,Costa Rica,195.873,209.531,405.404,"8,90%","0,40"
47,Cuba,2.904,3.736,6.640,"0,06%","-0,05"
48,Cabo Verde,7.293,7.080,14.373,"2,86%","0,19"
49,Chipre,83.931,107.935,191.866,"22,85%","7,10"
50,Chequia,236.160,162.333,398.493,"3,80%","0,65"
51,Yibuti,53.295,48.280,101.575,"12,09%","0,33"
52,Dinamarca,242.029,258.743,500.772,"9,01%","0,90"
53,Dominica,4.200,3.910,8.110,"11,42%","4,74"
54,República Dominicana,238.742,154.978,393.720,"4,15%","-0,04"
55,Argelia,114.727,102.237,216.964,"0,60%",0
56,Ecuador,167.773,157.593,325.366,"2,17%","0,80"
57,Estonia,87.644,130.246,217.890,"16,39%","-0,91"
58,Egipto,174.104,135.913,310.017,"0,39%","-0,01"
59,Eritrea,8.603,7.073,15.676,"0,49%","-0,02"
60,Etiopía,298.069,270.679,568.748,"0,69%","0,01"
61,Finlandia,115.105,113.376,228.481,"4,25%","0,59"
62,Fiyi,7.137,6.214,13.351,"1,57%","0,06"
63,Estados Federados de Micronesia,1.503,1.303,2.806,"2,72%","-0,02"
64,Gabón,158.680,112.149,270.829,"16,82%","-0,32"
65,Granada,3.463,3.517,6.980,"6,58%","0,01"
66,Georgia,31.972,41.062,73.034,"1,63%","-0,01"
67,Ghana,179.647,157.370,337.017,"1,37%","-0,05"
68,Gambia,98.086,87.677,185.763,"10,36%","-1,42"
69,Guinea,92.899,85.099,177.998,"1,64%","-0,76"
70,Guinea Ecuatorial,4.734,3.924,8.658,"0,91%","0,04"
71,Grecia,640.731,680.418,1.321.149,"11,88%","1,06"
72,Guatemala,30.917,35.467,66.384,"0,45%","0,01"
73,Guinea-Bisáu,10.307,10.754,21.061,"1,44%","-0,12"
74,Guyana,7.023,6.103,13.126,"1,74%","0,28"
75,Hong Kong,1.147.539,1.632.411,2.779.950,"39,42%","-0,38"
76,Honduras,14.306,12.982,27.288,"0,33%","-0,04"
77,Croacia,268.466,304.782,573.248,"13,36%","-0,07"
78,Haiti,9.548,7.630,17.178,"0,17%","-0,01"
79,Hungría,210.212,226.404,436.616,"4,37%","0,73"
80,Indonesia,174.864,130.552,305.416,"0,13%",0
81,Irlanda,360.440,370.102,730.542,"15,98%","1,98"
82,Israel,890.352,1.060.263,1.950.615,"25,60%","-1,68"
83,India,2.789.748,2.650.010,5.439.758,"0,44%","-0,08"
84,Irak,72.965,44.424,117.389,"0,38%","-0,11"
85,Irán,1.571.723,1.189.838,2.761.561,"3,72%","0,02"
86,Islandia,17.619,17.472,35.091,"11,02%","2,52"
87,Jamaica,12.024,11.653,23.677,"0,88%","-0,04"
88,Jordania,1.384.313,1.338.670,2.722.983,"37,50%","-2,83"
89,Kenia,473.093,481.832,954.925,"2,47%","0,18"
90,Kirguistán,94.596,137.469,232.065,"4,28%","-1,74"
91,Camboya,43.385,38.592,81.977,"0,58%","-0,27"
92,Kiribati,1.512,1.356,2.868,"2,78%","0,08"
93,Comoras,6.060,6.558,12.618,"1,84%","-0,35"
94,San Cristóbal y Nieves,3.806,3.439,7.245,"14,21%","0,57"
95,Corea del Norte,21.766,22.244,44.010,"0,18%","0,01"
96,Corea del Sur,525.395,394.592,919.987,"1,86%","0,85"
97,Kuwait,1.309.814,561.723,1.871.537,"52,25%","7,67"
98,Kazajistán,1.625.155,1.709.782,3.334.937,"20,28%","-0,11"
99,Laos,20.133,12.822,32.955,"0,53%","0,18"
100,Líbano,427.358,393.297,820.655,"16,57%","0,46"
101,Santa Lucía,4.377,4.674,9.051,"5,45%","-0,55"
102,Liechtenstein,10.867,11.475,22.342,"61,81%","7,67"
103,Sri Lanka,20.694,18.265,38.959,"0,19%","-0,01"
104,Liberia,56.885,42.244,99.129,"2,55%","-0,16"
105,Lesoto,3.469,2.945,6.414,"0,33%","-0,01"
106,Lituania,69.606,91.166,160.772,"5,27%","-0,85"
107,Luxemburgo,81.420,81.722,163.142,"31,87%","-0,24"
108,Letonia,124.675,189.111,313.786,"15,13%","-1,78"
109,Libia,489.737,194.261,683.998,"11,32%","0,14"
110,Marruecos,35.738,35.171,70.909,"0,22%","0,04"
111,Mónaco,10.325,10.807,21.132,"59,34%","-3,64"
112,Moldavia,52.198,77.290,129.488,"3,64%","-1,13"
113,Montenegro,31.639,46.873,78.512,"12,67%",
114,Madagascar,16.410,12.495,28.905,"0,14%","-0,01"
115,Islas Marshall,1.895,1.194,3.089,"5,83%","1,09"
116,Macedonia del Norte,54.067,75.634,129.701,"6,30%","0,04"
117,Malí,172.066,167.309,339.375,"2,26%","0,25"
118,Birmania - Myanmar,41.574,34.840,76.414,"0,16%","-0,01"
119,Mongolia,11.880,4.182,16.062,"0,58%","0,13"
120,Mauritania,48.605,36.074,84.679,"2,58%","0,67"
121,Malta,17.118,15.890,33.008,"7,95%","1,89"
122,Mauricio,13.188,11.648,24.836,"1,99%","0,39"
123,Maldivas,41.712,12.947,54.659,"17,08%","1,76"
124,Malaui,103.869,113.853,217.722,"1,39%","-0,23"
125,México,490.691,478.847,969.538,"0,85%","0,18"
126,Malasia,1.469.977,947.418,2.417.395,"8,46%","1,21"
127,Mozambique,148.105,158.366,306.471,"1,30%","0,01"
128,Namibia,55.803,48.023,103.826,"4,98%","-0,51"
129,Níger,60.033,66.431,126.464,"0,77%","-0,14"
130,Nigeria,575.671,413.008,988.679,"0,62%","-0,08"
131,Nicaragua,19.128,18.205,37.333,"0,64%",0
132,Países Bajos,881.264,951.246,1.832.510,"11,00%","0,37"
133,Noruega,268.505,258.294,526.799,"10,71%","2,93"
134,Nepal,189.518,389.139,578.657,"2,14%","-0,50"
135,Nauru,653,530,1.183,"11,83%","-10,70"
136,Nueva Zelanda,459.047,488.396,947.443,"21,77%","1,46"
137,Omán,658.746,157.475,816.221,"27,23%","1,78"
138,Panamá,80.931,76.378,157.309,"4,30%","0,79"
139,Perú,56.097,48.609,104.706,"0,36%","0,08"
140,Papúa Nueva Guinea,18.466,11.959,30.425,"0,46%","-0,06"
141,Filipinas,107.933,100.666,208.599,"0,22%","-0,08"
142,Pakistán,2.074.443,1.867.143,3.941.586,"2,22%","0,21"
143,Polonia,262.263,380.154,642.417,"1,69%","-0,20"
144,Estado de Palestina,114.688,143.344,258.032,"6,41%","-1,19"
145,Palaos,3.211,2.279,5.490,"30,50%","0,28"
146,Paraguay,83.394,76.905,160.299,"2,56%","-0,35"
147,Catar,1.206.571,249.842,1.456.413,"84,92%","6,23"
148,Rumanía,87.667,89.544,177.211,"0,88%","0,20"
149,Serbia,364.757,461.518,826.275,"11,39%","-0,12"
150,Rusia,5.514.401,5.680.309,11.194.710,"7,84%","-0,33"
151,Ruanda,214.048,212.853,426.901,"4,27%","-0,54"
152,Arabia Saudita,5.933.281,2.496.675,8.429.956,"30,58%","2,71"
153,Islas Salomón,1.546,1.214,2.760,"0,52%","-0,18"
154,Seychelles,7.804,3.616,11.420,"12,69%","1,85"
155,Sudán,314.552,304.157,618.709,"1,54%","-0,01"
156,Suecia,673.083,711.846,1.384.929,"14,71%","2,27"
157,Singapur,956.856,1.207.938,2.164.794,"42,64%","2,54"
158,Eslovenia,141.285,112.501,253.786,"12,38%","1,54"
159,Eslovaquia,66.938,79.381,146.319,"2,71%","0,28"
160,Sierra Leona,43.515,35.540,79.055,"1,23%","-1,36"
161,San Marino,2.761,2.119,4.880,"15,32%","1,26"
162,Senegal,135.879,120.213,256.092,"2,02%","-0,13"
163,Somalia,25.213,22.893,48.106,"0,40%","0,20"
164,Surinam,21.658,18.055,39.713,"7,48%","0,73"
165,Sudán del Sur,132.693,125.212,257.905,"2,71%","2,71"
166,Santo Tomé y Príncipe,1.352,1.348,2.700,"1,54%","-0,67"
167,El Salvador,19.148,21.176,40.324,"0,65%","0,05"
168,Siria,913.004,874.557,1.787.561,"8,36%","3,77"
169,Suazilandia,16.790,15.847,32.637,"3,14%","-0,20"
170,Chad,186.773,230.151,416.924,"3,49%",0
171,Togo,129.352,126.061,255.413,"3,98%","0,35"
172,Tailandia,1.624.755,1.599.376,3.224.131,"4,80%","1,49"
173,Tayikistán,121.780,158.028,279.808,"3,66%","-0,43"
174,Timor Oriental,5.837,5.703,11.540,"1,05%","-0,08"
175,Turkmenistán,90.634,107.345,197.979,"3,89%","-0,59"
176,Túnez,22.236,20.936,43.172,"0,41%","0,06"
177,Tonga,2.500,2.104,4.604,"4,47%","0,21"
178,Türkiye,625.960,741.074,1.367.034,"1,85%","-0,07"
179,Trinidad y Tobago,23.152,25.074,48.226,"3,63%","0,17"
180,Tuvalu,121,99,220,"2,20%","0,11"
181,Tanzania,154.591,155.256,309.847,"0,72%","-1,34"
182,Ucrania,2.072.474,2.746.293,4.818.767,"10,57%","-0,23"
183,Uganda,241.903,251.027,492.930,"1,62%","-0,68"
184,Uruguay,34.535,41.768,76.303,"2,25%","-0,21"
185,Uzbekistán,558.379,661.770,1.220.149,"4,36%","-0,75"
186,San Vicente y las Granadinas,2.302,2.267,4.569,"4,19%","0,08"
187,Venezuela,676.261,671.086,1.347.347,"4,72%","0,65"
188,Vietnam,35.971,25.785,61.756,"0,07%","0,01"
189,Vanuatu,1.487,1.504,2.991,"1,25%","-0,06"
190,Samoa,2.594,2.528,5.122,"2,75%","-0,44"
191,Yemen,156.123,132.271,288.394,"1,22%","0,38"
192,Sudáfrica,1.221.739,893.062,2.114.801,"4,12%","1,30"
193,Zambia,75.941,74.021,149.962,"1,08%","-1,02"
194,Zimbabue,227.201,171.106,398.307,"3,23%","-0,17"
0,España,2.884.000,3.007.208,5.891.208,"12,69%","-0,77"
1,Alemania,5.037.961,5.182.457,10.220.418,"12,44%","0,21"
2,Reino Unido,4.023.771,4.387.798,8.411.569,"12,87%","1,57"
3,Francia,3.806.413,4.067.759,7.874.172,"11,82%","0,57"
4,Italia,2.637.798,3.167.530,5.805.328,"9,57%","-0,18"
5,Portugal,398.390,466.424,864.814,"8,36%","1,14"
6,Estados Unidos,23.446.873,24.732.004,48.178.877,"15,01%","0,73"
7,Japón,1.050.070,1.182.119,2.232.189,"1,76%","0,09"
8,China,600.136,377.910,978.046,"0,07%","0,01"
9,Andorra,21.485,20.779,42.264,"58,92%","-7,72"
10,Emiratos Árabes Unidos,5.890.170,2.104.956,7.995.126,"89,44%","0,90"
11,Afganistán,248.212,241.537,489.749,"1,72%","1,30"
12,Antigua y Barbuda,12.524,15.559,28.083,"30,01%","-1,06"
13,Albania,26.517,25.514,52.031,"1,81%","-0,01"
14,Armenia,77.436,113.763,191.199,"6,38%","-0,09"
15,Angola,304.635,327.543,632.178,"2,37%","0,93"
16,Argentina,960.310,1.125.992,2.086.302,"4,84%","0,41"
17,Austria,716.470,775.904,1.492.374,"17,15%","1,91"
18,Australia,3.343.330,3.386.400,6.729.730,"28,06%","1,53"
19,Azerbaiyán,126.600,137.641,264.241,"2,72%","-0,32"
20,Bosnia y Herzegovina,18.400,20.174,38.574,"1,10%","0,09"
21,Barbados,15.488,18.987,34.475,"12,14%","0,42"
22,Bangladés,752.035,670.770,1.422.805,"0,91%",0
23,Bélgica,869.989,913.499,1.783.488,"15,77%","2,10"
24,Burkina Faso,335.328,369.348,704.676,"3,89%","-0,43"
25,Bulgaria,60.058,63.745,123.803,"1,73%","0,69"
26,Baréin,508.966,195.171,704.137,"51,40%","-1,87"
27,Burundi,142.790,147.020,289.810,"2,84%","0,16"
28,Benín,172.056,194.228,366.284,"3,46%","0,10"
29,Brunéi,58.181,44.552,102.733,"24,94%","-1,05"
30,Bolivia,74.939,68.050,142.989,"1,32%","0,10"
31,Brasil,386.838,329.730,716.568,"0,35%","0,05"
32,Bahamas,29.994,29.312,59.306,"16,29%","0,42"
33,Bután,43.396,7.710,51.106,"7,17%","-0,09"
34,Botsuana,58.769,44.499,103.268,"4,87%","0,11"
35,Bielorrusia,495.961,586.944,1.082.905,"11,40%","-0,10"
36,Belice,27.502,27.172,54.674,"14,86%","0,46"
37,Canadá,3.533.164,3.895.493,7.428.657,"20,81%","0,93"
38,República Democrática del Congo,401.058,423.434,824.492,"1,07%","0,18"
39,República Centroafricana,43.163,38.435,81.598,"1,82%","-0,31"
40,República del Congo,213.764,176.378,390.142,"9,43%","-2,20"
41,Suiza,1.183.243,1.233.151,2.416.394,"29,02%","2,65"
42,Costa de Marfil,1.366.634,1.101.350,2.467.984,"10,41%","-0,94"
43,Chile,301.441,338.283,639.724,"3,56%","1,36"
44,Camerún,251.311,257.035,508.346,"2,18%","0,75"
45,Colombia,74.108,65.026,139.134,"0,30%","0,02"
46,Costa Rica,197.613,214.084,411.697,"8,49%","-0,41"
47,Cuba,2.294,3.018,5.312,"0,05%","-0,01"
48,Cabo Verde,7.547,7.377,14.924,"2,80%","-0,06"
49,Chipre,84.153,107.867,192.020,"22,64%","-0,21"
50,Chequia,239.228,177.226,416.454,"3,95%","0,15"
51,Yibuti,59.081,53.270,112.351,"12,29%","0,20"
52,Dinamarca,291.431,304.445,595.876,"10,44%","1,43"
53,Dominica,4.215,3.878,8.093,"11,37%","-0,05"
54,República Dominicana,353.448,195.841,549.289,"5,50%","1,35"
55,Argelia,126.522,112.951,239.473,"0,60%",0
56,Ecuador,200.352,187.161,387.513,"2,38%","0,21"
57,Estonia,80.024,114.640,194.664,"14,79%","-1,60"
58,Egipto,207.433,146.208,353.641,"0,40%","0,01"
59,Eritrea,8.833,7.108,15.941,"0,33%","-0,16"
60,Etiopía,591.409,570.233,1.161.642,"1,29%","0,60"
61,Finlandia,159.315,155.541,314.856,"5,74%","1,49"
62,Fiyi,7.421,6.330,13.751,"1,58%","0,01"
63,Estados Federados de Micronesia,1.473,1.283,2.756,"2,65%","-0,07"
64,Gabón,243.782,134.904,378.686,"19,62%","2,80"
65,Granada,3.502,3.555,7.057,"6,42%","-0,16"
66,Georgia,33.570,43.115,76.685,"2,06%","0,43"
67,Ghana,221.026,193.718,414.744,"1,50%","0,13"
68,Gambia,101.501,91.039,192.540,"9,23%","-1,13"
69,Guinea,74.060,52.326,126.386,"1,11%","-0,53"
70,Guinea Ecuatorial,161.527,48.084,209.611,"17,84%","16,93"
71,Grecia,570.528,672.396,1.242.924,"11,53%","-0,35"
72,Guatemala,37.136,41.216,78.352,"0,48%","0,03"
73,Guinea-Bisáu,10.826,11.507,22.333,"1,37%","-0,07"
74,Guyana,8.229,7.155,15.384,"2,01%","0,27"
75,Hong Kong,1.119.957,1.718.708,2.838.665,"38,83%","-0,59"
76,Honduras,20.116,18.201,38.317,"0,42%","0,09"
77,Croacia,260.473,300.620,561.093,"13,39%","0,03"
78,Haiti,10.025,8.011,18.036,"0,17%",0
79,Hungría,235.719,239.789,475.508,"4,84%","0,47"
80,Indonesia,196.717,141.407,338.124,"0,13%",0
81,Irlanda,376.338,382.918,759.256,"16,06%","0,08"
82,Israel,912.899,1.098.828,2.011.727,"24,01%","-1,59"
83,India,2.684.680,2.556.280,5.240.960,"0,40%","-0,04"
84,Irak,209.233,150.148,359.381,"1,01%","0,63"
85,Irán,1.445.236,1.281.184,2.726.420,"3,45%","-0,27"
86,Islandia,19.070,20.002,39.072,"11,75%","0,73"
87,Jamaica,11.766,11.401,23.167,"0,85%","-0,03"
88,Jordania,1.567.177,1.544.849,3.112.026,"33,58%","-3,92"
89,Kenia,562.909,563.977,1.126.886,"2,60%","0,13"
90,Kirguistán,82.616,121.766,204.382,"3,47%","-0,81"
91,Camboya,39.854,34.109,73.963,"0,49%","-0,09"
92,Kiribati,1.539,1.380,2.919,"2,63%","-0,15"
93,Comoras,6.071,6.484,12.555,"1,60%","-0,24"
94,San Cristóbal y Nieves,3.916,3.527,7.443,"13,78%","-0,43"
95,Corea del Norte,24.110,24.348,48.458,"0,19%","0,01"
96,Corea del Sur,641.400,501.687,1.143.087,"2,24%","0,38"
97,Kuwait,1.901.855,964.281,2.866.136,"68,52%","16,27"
98,Kazajistán,1.757.828,1.788.232,3.546.060,"20,07%","-0,21"
99,Laos,29.335,16.203,45.538,"0,68%","0,15"
100,Líbano,948.425,1.024.779,1.973.204,"30,20%","13,63"
101,Santa Lucía,4.179,4.494,8.673,"4,98%","-0,47"
102,Liechtenstein,11.605,12.194,23.799,"63,26%","1,45"
103,Sri Lanka,20.745,18.961,39.706,"0,19%",0
104,Liberia,64.879,48.900,113.779,"2,54%","-0,01"
105,Lesoto,3.558,3.014,6.572,"0,33%",0
106,Lituania,57.508,78.513,136.021,"4,71%","-0,56"
107,Luxemburgo,126.129,122.759,248.888,"43,19%","11,32"
108,Letonia,104.011,161.407,265.418,"13,48%","-1,65"
109,Libia,549.153,221.993,771.146,"12,20%","0,88"
110,Marruecos,46.387,46.037,92.424,"0,27%","0,05"
111,Mónaco,12.599,13.384,25.983,"68,02%","8,68"
112,Moldavia,43.467,62.907,106.374,"2,99%","-0,65"
113,Montenegro,28.178,43.541,71.719,"11,53%","-1,14"
114,Madagascar,18.270,13.805,32.075,"0,14%",0
115,Islas Marshall,2.011,1.273,3.284,"6,08%","0,25"
116,Macedonia del Norte,54.496,76.234,130.730,"6,31%","0,01"
117,Malí,213.218,207.286,420.504,"2,41%","0,15"
118,Birmania - Myanmar,40.178,33.131,73.309,"0,14%","-0,02"
119,Mongolia,13.284,6.602,19.886,"0,65%","0,07"
120,Mauritania,94.070,72.482,166.552,"4,12%","1,54"
121,Malta,28.332,24.310,52.642,"11,69%","3,74"
122,Mauricio,15.832,12.753,28.585,"2,26%","0,27"
123,Maldivas,56.345,7.928,64.273,"14,13%","-2,95"
124,Malaui,110.893,121.910,232.803,"1,29%","-0,10"
125,México,515.917,512.886,1.028.803,"0,85%",0
126,Malasia,1.996.220,1.284.461,3.280.681,"10,52%","2,06"
127,Mozambique,155.510,166.284,321.794,"1,19%","-0,11"
128,Namibia,54.739,46.879,101.618,"4,45%","-0,53"
129,Níger,119.915,133.083,252.998,"1,26%","0,49"
130,Nigeria,657.887,541.228,1.199.115,"0,66%","0,04"
131,Nicaragua,20.723,19.539,40.262,"0,64%",0
132,Países Bajos,952.313,1.044.005,1.996.318,"11,76%","0,76"
133,Noruega,389.370,357.005,746.375,"14,32%","3,61"
134,Nepal,156.361,353.110,509.471,"1,89%","-0,25"
135,Nauru,1.071,819,1.890,"15,75%","3,92"
136,Nueva Zelanda,502.787,536.949,1.039.736,"22,54%","0,77"
137,Omán,1.552.000,304.226,1.856.226,"44,63%","17,40"
138,Panamá,94.841,89.869,184.710,"4,65%","0,35"
139,Perú,91.090,63.684,154.774,"0,52%","0,16"
140,Papúa Nueva Guinea,18.734,12.206,30.940,"0,39%","-0,07"
141,Filipinas,109.783,102.079,211.862,"0,21%","-0,01"
142,Pakistán,1.845.470,1.661.050,3.506.520,"1,79%","-0,43"
143,Polonia,259.789,359.614,619.403,"1,63%","-0,06"
144,Estado de Palestina,113.237,142.270,255.507,"5,64%","-0,77"
145,Palaos,2.996,1.941,4.937,"27,43%","-3,07"
146,Paraguay,81.303,75.159,156.462,"2,32%","-0,24"
147,Catar,1.416.361,271.279,1.687.640,"69,22%","-15,70"
148,Rumanía,146.758,134.290,281.048,"1,42%","0,54"
149,Serbia,355.180,452.261,807.441,"11,41%","0,02"
150,Rusia,5.715.211,5.928.065,11.643.276,"7,95%","0,11"
151,Ruanda,256.327,258.320,514.647,"4,53%","0,26"
152,Arabia Saudita,7.461.502,3.309.864,10.771.366,"34,68%","4,10"
153,Islas Salomón,1.450,1.135,2.585,"0,43%","-0,09"
154,Seychelles,8.954,3.837,12.791,"13,75%","1,06"
155,Sudán,311.885,308.638,620.523,"1,60%","0,06"
156,Suecia,828.027,848.237,1.676.264,"17,02%","2,31"
157,Singapur,1.122.986,1.420.652,2.543.638,"45,96%","3,32"
158,Eslovenia,134.460,103.156,237.616,"11,51%","-0,87"
159,Eslovaquia,89.011,88.613,177.624,"3,27%","0,56"
160,Sierra Leona,33.068,25.745,58.813,"0,82%","-0,41"
161,San Marino,2.867,2.328,5.195,"15,74%","0,42"
162,Senegal,141.402,125.094,266.496,"1,83%","-0,19"
163,Somalia,21.584,19.406,40.990,"0,30%","-0,10"
164,Surinam,23.544,19.583,43.127,"7,61%","0,13"
165,Sudán del Sur,430.949,413.173,844.122,"7,88%","5,17"
166,Santo Tomé y Príncipe,1.197,1.197,2.394,"1,20%","-0,34"
167,El Salvador,19.996,22.049,42.045,"0,66%","0,01"
168,Siria,445.050,426.124,871.174,"4,84%","-3,52"
169,Suazilandia,16.627,15.725,32.352,"3,00%","-0,14"
170,Chad,215.640,251.328,466.968,"3,31%","-0,18"
171,Togo,139.540,137.844,277.384,"3,79%","-0,19"
172,Tailandia,1.751.187,1.735.339,3.486.526,"5,07%","0,27"
173,Tayikistán,118.639,156.462,275.101,"3,25%","-0,41"
174,Timor Oriental,5.148,3.372,8.520,"0,71%","-0,34"
175,Turkmenistán,91.531,104.845,196.376,"3,53%","-0,36"
176,Túnez,29.253,27.279,56.532,"0,50%","0,09"
177,Tonga,2.158,1.796,3.954,"3,88%","-0,59"
178,Türkiye,2.390.166,1.956.031,4.346.197,"5,52%","3,67"
179,Trinidad y Tobago,24.464,25.557,50.021,"3,65%","0,02"
180,Tuvalu,126,104,230,"2,09%","-0,11"
181,Tanzania,190.617,193.950,384.567,"0,75%","0,03"
182,Ucrania,2.113.924,2.801.218,4.915.142,"11,54%","0,97"
183,Uganda,415.845,435.330,851.175,"2,40%","0,78"
184,Uruguay,35.642,43.157,78.799,"2,27%","0,02"
185,Uzbekistán,545.721,625.152,1.170.873,"3,77%","-0,59"
186,San Vicente y las Granadinas,2.355,2.282,4.637,"4,22%","0,03"
187,Venezuela,703.458,700.990,1.404.448,"4,67%","-0,05"
188,Vietnam,42.168,30.625,72.793,"0,08%","0,01"
189,Vanuatu,1.583,1.604,3.187,"1,18%","-0,07"
190,Samoa,2.148,2.104,4.252,"2,19%","-0,56"
191,Yemen,199.390,180.492,379.882,"1,41%","0,19"
192,Sudáfrica,2.122.100,1.694.595,3.816.695,"6,89%","2,77"
193,Zambia,66.651,65.456,132.107,"0,81%","-0,27"
194,Zimbabue,225.653,174.829,400.482,"2,86%","-0,37"
0,España,2.892.146,3.054.960,5.947.106,"12,75%","0,06"
1,Alemania,6.055.267,6.109.816,12.165.083,"14,69%","2,25"
2,Reino Unido,4.205.418,4.636.299,8.841.717,"13,34%","0,47"
3,Francia,3.808.841,4.093.942,7.902.783,"11,79%","-0,03"
4,Italia,2.691.899,3.215.562,5.907.461,"9,77%","0,20"
5,Portugal,410.655,469.533,880.188,"8,55%","0,19"
6,Estados Unidos,24.191.609,25.585.361,49.776.970,"15,30%","0,29"
7,Japón,1.044.113,1.277.363,2.321.476,"1,83%","0,07"
8,China,613.317,386.210,999.527,"0,07%",0
9,Andorra,21.560,19.479,41.039,"54,87%","-4,05"
10,Emiratos Árabes Unidos,6.207.324,2.105.200,8.312.524,"89,34%","-0,10"
11,Afganistán,66.738,66.874,133.612,"0,45%","-1,27"
12,Antigua y Barbuda,12.783,15.863,28.646,"30,02%","0,01"
13,Albania,26.721,25.763,52.484,"1,83%","0,02"
14,Armenia,77.221,113.498,190.719,"6,42%","0,04"
15,Angola,307.681,330.818,638.499,"2,25%","-0,12"
16,Argentina,996.316,1.168.208,2.164.524,"4,91%","0,07"
17,Austria,797.082,863.201,1.660.283,"18,82%","1,67"
18,Australia,3.441.530,3.594.030,7.035.560,"28,41%","0,35"
19,Azerbaiyán,124.205,135.036,259.241,"2,62%","-0,10"
20,Bosnia y Herzegovina,17.697,19.403,37.100,"1,06%","-0,04"
21,Barbados,15.572,19.088,34.660,"12,12%","-0,02"
22,Bangladés,791.164,709.757,1.500.921,"0,94%","0,03"
23,Bélgica,644.089,624.322,1.268.411,"11,13%","-4,64"
24,Burkina Faso,337.349,371.572,708.921,"3,69%","-0,20"
25,Bulgaria,68.229,85.574,153.803,"2,18%","0,45"
26,Baréin,522.347,200.302,722.649,"48,14%","-3,26"
27,Burundi,147.599,151.970,299.569,"2,77%","-0,07"
28,Benín,142.168,111.116,253.284,"2,27%","-1,19"
29,Brunéi,61.511,47.101,108.612,"25,26%","0,32"
30,Bolivia,78.004,70.833,148.837,"1,33%","0,01"
31,Brasil,397.090,338.467,735.557,"0,36%","0,01"
32,Bahamas,31.259,30.547,61.806,"16,61%","0,32"
33,Bután,42.406,9.890,52.296,"7,15%","-0,02"
34,Botsuana,91.038,75.392,166.430,"7,55%","2,68"
35,Bielorrusia,494.014,584.638,1.078.652,"11,36%","-0,04"
36,Belice,30.180,29.818,59.998,"15,46%","0,60"
37,Canadá,3.763.100,4.098.126,7.861.226,"21,51%","0,70"
38,República Democrática del Congo,427.877,451.346,879.223,"1,07%",0
39,República Centroafricana,47.030,41.744,88.774,"1,93%","0,11"
40,República del Congo,218.503,180.387,398.890,"9,18%","-0,25"
41,Suiza,1.227.314,1.279.080,2.506.394,"29,54%","0,52"
42,Costa de Marfil,1.216.662,980.490,2.197.152,"8,99%","-1,42"
43,Chile,230.217,258.354,488.571,"2,65%","-0,91"
44,Camerún,266.653,273.613,540.266,"2,20%","0,02"
45,Colombia,75.805,66.514,142.319,"0,30%",0
46,Costa Rica,198.822,215.392,414.214,"8,34%","-0,15"
47,Cuba,5.861,7.275,13.136,"0,12%","0,07"
48,Cabo Verde,7.735,7.560,15.295,"2,80%",0
49,Chipre,82.769,106.204,188.973,"21,87%","-0,77"
50,Chequia,248.560,184.730,433.290,"4,08%","0,13"
51,Yibuti,61.025,55.064,116.089,"12,30%","0,01"
52,Dinamarca,324.239,332.550,656.789,"11,36%","0,92"
53,Dominica,3.561,3.221,6.782,"9,49%","-1,88"
54,República Dominicana,257.588,167.376,424.964,"4,18%","-1,32"
55,Argelia,131.192,117.432,248.624,"0,60%",0
56,Ecuador,206.327,192.741,399.068,"2,38%",0
57,Estonia,80.654,112.308,192.962,"14,63%","-0,16"
58,Egipto,257.661,220.649,478.310,"0,50%","0,10"
59,Eritrea,8.889,7.152,16.041,"0,32%","-0,01"
60,Etiopía,624.222,602.921,1.227.143,"1,32%","0,03"
61,Finlandia,174.807,168.775,343.582,"6,23%","0,49"
62,Fiyi,7.508,6.403,13.911,"1,57%","-0,01"
63,Estados Federados de Micronesia,1.489,1.296,2.785,"2,68%","0,03"
64,Gabón,159.885,120.312,280.197,"13,57%","-6,05"
65,Granada,3.536,3.588,7.124,"6,42%",0
66,Georgia,34.241,43.977,78.218,"2,10%","0,04"
67,Ghana,212.601,205.041,417.642,"1,44%","-0,06"
68,Gambia,108.103,96.960,205.063,"9,26%","0,03"
69,Guinea,72.301,50.495,122.796,"1,02%","-0,09"
70,Guinea Ecuatorial,170.970,50.895,221.865,"17,58%","-0,26"
71,Grecia,555.797,664.598,1.220.395,"11,36%","-0,17"
72,Guatemala,38.642,42.886,81.528,"0,48%",0
73,Guinea-Bisáu,11.346,12.059,23.405,"1,38%","0,01"
74,Guyana,8.308,7.222,15.530,"2,00%","-0,01"
75,Hong Kong,1.137.469,1.745.582,2.883.051,"38,88%","0,05"
76,Honduras,20.318,18.382,38.700,"0,41%","-0,01"
77,Croacia,259.274,301.209,560.483,"13,65%","0,26"
78,Haiti,23.353,17.180,40.533,"0,37%","0,20"
79,Hungría,251.937,251.850,503.787,"5,15%","0,31"
80,Indonesia,201.259,144.671,345.930,"0,13%",0
81,Irlanda,394.255,412.294,806.549,"16,70%","0,64"
82,Israel,890.390,1.071.733,1.962.123,"22,53%","-1,48"
83,India,2.657.833,2.530.717,5.188.550,"0,39%","-0,01"
84,Irak,213.418,153.150,366.568,"0,98%","-0,03"
85,Irán,1.430.784,1.268.371,2.699.155,"3,33%","-0,12"
86,Islandia,20.725,21.128,41.853,"12,01%","0,26"
87,Jamaica,11.850,11.482,23.332,"0,86%","0,01"
88,Jordania,1.628.377,1.605.176,3.233.553,"33,04%","-0,54"
89,Kenia,538.724,539.848,1.078.572,"2,38%","-0,22"
90,Kirguistán,80.964,119.330,200.294,"3,26%","-0,21"
91,Camboya,41.129,35.200,76.329,"0,50%","0,01"
92,Kiribati,1.594,1.428,3.022,"2,65%","0,02"
93,Comoras,6.071,6.484,12.555,"1,54%","-0,06"
94,San Cristóbal y Nieves,3.992,3.595,7.587,"14,58%","0,80"
95,Corea del Norte,24.350,24.589,48.939,"0,19%",0
96,Corea del Sur,646.326,505.539,1.151.865,"2,24%",0
97,Kuwait,2.123.292,1.000.139,3.123.431,"70,38%","1,86"
98,Kazajistán,1.801.999,1.833.169,3.635.168,"20,02%","-0,05"
99,Laos,24.396,21.070,45.466,"0,65%","-0,03"
100,Líbano,932.449,1.006.763,1.939.212,"28,44%","-1,76"
101,Santa Lucía,6.506,6.383,12.889,"7,12%","2,14"
102,Liechtenstein,12.013,12.670,24.683,"64,76%","1,50"
103,Sri Lanka,20.909,19.109,40.018,"0,19%",0
104,Liberia,56.241,42.389,98.630,"2,10%","-0,44"
105,Lesoto,3.654,3.095,6.749,"0,32%","-0,01"
106,Lituania,51.850,72.856,124.706,"4,44%","-0,27"
107,Luxemburgo,134.207,129.866,264.073,"43,87%","0,68"
108,Letonia,101.028,155.861,256.889,"13,28%","-0,20"
109,Libia,561.454,226.965,788.419,"12,23%","0,03"
110,Marruecos,48.099,47.736,95.835,"0,27%",0
111,Mónaco,10.431,10.824,21.255,"55,50%","-12,52"
112,Moldavia,49.534,90.511,140.045,"3,95%","0,96"
113,Montenegro,27.813,43.171,70.984,"11,41%","-0,12"
114,Madagascar,19.278,14.566,33.844,"0,14%",0
115,Islas Marshall,2.016,1.276,3.292,"6,10%","0,02"
116,Macedonia del Norte,54.597,76.375,130.972,"6,31%",0
117,Malí,196.630,187.091,383.721,"2,07%","-0,34"
118,Birmania - Myanmar,40.918,33.742,74.660,"0,14%",0
119,Mongolia,13.284,4.920,18.204,"0,57%","-0,08"
120,Mauritania,95.136,73.302,168.438,"3,93%","-0,19"
121,Malta,24.308,21.231,45.539,"9,57%","-2,12"
122,Mauricio,15.903,12.810,28.713,"2,27%","0,01"
123,Maldivas,58.759,8.267,67.026,"13,50%","-0,63"
124,Malaui,112.936,124.168,237.104,"1,34%","0,05"
125,México,620.387,603.782,1.224.169,"0,99%","0,14"
126,Malasia,1.633.054,1.070.575,2.703.629,"8,44%","-2,08"
127,Mozambique,120.843,126.111,246.954,"0,86%","-0,33"
128,Namibia,51.207,43.860,95.067,"4,01%","-0,44"
129,Níger,140.113,155.497,295.610,"1,37%","0,11"
130,Nigeria,677.624,557.464,1.235.088,"0,65%","-0,01"
131,Nicaragua,21.185,19.974,41.159,"0,64%",0
132,Países Bajos,983.586,1.072.934,2.056.520,"11,97%","0,21"
133,Noruega,417.087,381.857,798.944,"15,09%","0,77"
134,Nepal,153.928,348.742,502.670,"1,82%","-0,07"
135,Nauru,2.317,1.393,3.710,"35,08%","19,33"
136,Nueva Zelanda,516.176,551.247,1.067.423,"22,17%","-0,37"
137,Omán,1.741.326,331.966,2.073.292,"45,47%","0,84"
138,Panamá,97.931,92.797,190.728,"4,65%",0
139,Perú,46.957,46.823,93.780,"0,30%","-0,22"
140,Papúa Nueva Guinea,20.558,11.831,32.389,"0,39%",0
141,Filipinas,113.239,105.291,218.530,"0,21%",0
142,Pakistán,1.743.606,1.654.548,3.398.154,"1,66%","-0,13"
143,Polonia,274.254,366.683,640.937,"1,69%","0,06"
144,Estado de Palestina,112.452,141.283,253.735,"5,36%","-0,28"
145,Palaos,2.831,2.157,4.988,"27,71%","0,28"
146,Paraguay,83.412,77.107,160.519,"2,31%","-0,01"
147,Catar,1.444.688,276.704,1.721.392,"63,17%","-6,05"
148,Rumanía,196.804,173.949,370.753,"1,90%","0,48"
149,Serbia,352.744,449.159,801.903,"11,45%","0,04"
150,Rusia,5.719.253,5.932.256,11.651.509,"7,93%","-0,02"
151,Ruanda,220.796,222.292,443.088,"3,70%","-0,83"
152,Arabia Saudita,8.341.564,3.843.720,12.185.284,"37,36%","2,68"
153,Islas Salomón,1.421,1.111,2.532,"0,40%","-0,03"
154,Seychelles,9.049,3.877,12.926,"13,49%","-0,26"
155,Sudán,368.382,367.439,735.821,"1,80%","0,20"
156,Suecia,863.205,884.505,1.747.710,"17,27%","0,25"
157,Singapur,1.158.202,1.465.202,2.623.404,"46,75%","0,79"
158,Eslovenia,138.120,106.670,244.790,"11,84%","0,33"
159,Eslovaquia,93.294,91.348,184.642,"3,39%","0,12"
160,Sierra Leona,52.173,43.075,95.248,"1,27%","0,45"
161,San Marino,2.903,2.340,5.243,"15,74%",0
162,Senegal,140.941,124.660,265.601,"1,72%","-0,11"
163,Somalia,23.549,21.319,44.868,"0,31%","0,01"
164,Surinam,26.041,21.658,47.699,"8,18%","0,57"
165,Sudán del Sur,431.520,413.719,845.239,"7,75%","-0,13"
166,Santo Tomé y Príncipe,1.147,1.146,2.293,"1,11%","-0,09"
167,El Salvador,20.129,22.194,42.323,"0,66%",0
168,Siria,517.813,496.005,1.013.818,"5,93%","1,09"
169,Suazilandia,17.221,16.042,33.263,"3,04%","0,04"
170,Chad,225.575,264.115,489.690,"3,26%","-0,05"
171,Togo,142.882,141.084,283.966,"3,69%","-0,10"
172,Tailandia,1.802.323,1.786.550,3.588.873,"5,19%","0,12"
173,Tayikistán,117.821,155.438,273.259,"3,08%","-0,17"
174,Timor Oriental,6.100,5.963,12.063,"0,97%","0,26"
175,Turkmenistán,90.906,104.155,195.061,"3,39%","-0,14"
176,Túnez,29.849,27.814,57.663,"0,50%",0
177,Tonga,2.691,2.261,4.952,"4,90%","1,02"
178,Türkiye,2.292.242,2.589.724,4.881.966,"6,04%","0,52"
179,Trinidad y Tobago,24.488,25.726,50.214,"3,63%","-0,02"
180,Tuvalu,79,64,143,"1,30%","-0,79"
181,Tanzania,245.897,246.677,492.574,"0,90%","0,15"
182,Ucrania,2.135.064,2.829.229,4.964.293,"11,76%","0,22"
183,Uganda,793.851,898.269,1.692.120,"4,49%","2,09"
184,Uruguay,35.998,43.588,79.586,"2,32%","0,05"
185,Uzbekistán,540.277,618.913,1.159.190,"3,61%","-0,16"
186,San Vicente y las Granadinas,2.246,2.349,4.595,"4,18%","-0,04"
187,Venezuela,714.422,711.914,1.426.336,"4,85%","0,18"
188,Vietnam,44.087,32.017,76.104,"0,08%",0
189,Vanuatu,1.612,1.633,3.245,"1,16%","-0,02"
190,Samoa,2.444,2.435,4.879,"2,50%","0,31"
191,Yemen,201.720,182.601,384.321,"1,36%","-0,05"
192,Sudáfrica,2.244.421,1.792.275,4.036.696,"7,07%","0,18"
193,Zambia,79.331,77.651,156.982,"0,91%","0,10"
194,Zimbabue,229.881,173.985,403.866,"2,80%","-0,06"
0,España,2.913.747,3.190.456,6.104.203,"12,90%","0,15"
1,Alemania,6.881.990,6.250.156,13.132.146,"15,79%","1,10"
2,Reino Unido,4.581.996,4.970.114,9.552.110,"14,25%","0,91"
3,Francia,4.019.290,4.315.585,8.334.875,"12,35%","0,56"
4,Italia,2.908.119,3.365.603,6.273.722,"10,52%","0,75"
5,Portugal,411.750,476.412,888.162,"8,63%","0,08"
6,Estados Unidos,24.488.382,26.172.767,50.661.149,"15,42%","0,12"
7,Japón,1.208.168,1.290.723,2.498.891,"1,98%","0,15"
8,China,632.550,398.321,1.030.871,"0,07%",0
9,Andorra,23.091,22.011,45.102,"58,16%","3,29"
10,Emiratos Árabes Unidos,6.326.020,2.261.236,8.587.256,"90,35%","1,01"
11,Afganistán,74.974,74.788,149.762,"0,47%","0,02"
12,Antigua y Barbuda,13.026,16.181,29.207,"30,07%","0,05"
13,Albania,25.054,24.106,49.160,"1,73%","-0,10"
14,Armenia,78.001,112.158,190.159,"6,42%",0
15,Angola,341.719,327.760,669.479,"2,10%","-0,15"
16,Argentina,1.018.573,1.194.306,2.212.879,"4,92%","0,01"
17,Austria,873.536,906.321,1.779.857,"20,00%","1,18"
18,Australia,3.744.438,3.804.832,7.549.270,"29,57%","1,16"
19,Azerbaiyán,121.640,132.247,253.887,"2,52%","-0,10"
20,Bosnia y Herzegovina,17.017,18.718,35.735,"1,02%","-0,04"
21,Barbados,15.638,19.169,34.807,"12,13%","0,01"
22,Bangladés,1.124.293,1.061.320,2.185.613,"1,34%","0,40"
23,Bélgica,979.191,1.002.728,1.981.919,"17,20%","6,07"
24,Burkina Faso,341.830,376.508,718.338,"3,53%","-0,16"
25,Bulgaria,82.718,85.798,168.516,"2,42%","0,24"
26,Baréin,535.728,205.433,741.161,"49,94%","1,80"
27,Burundi,158.163,162.855,321.018,"2,78%","0,01"
28,Benín,183.593,206.519,390.112,"3,30%","1,03"
29,Brunéi,62.660,47.981,110.641,"24,05%","-1,21"
30,Bolivia,81.818,74.296,156.114,"1,36%","0,03"
31,Brasil,435.661,371.345,807.006,"0,38%","0,02"
32,Bahamas,31.844,31.118,62.962,"16,53%","-0,08"
33,Bután,45.220,8.034,53.254,"7,22%","0,07"
34,Botsuana,62.943,47.653,110.596,"4,80%","-2,75"
35,Bielorrusia,489.770,579.625,1.069.395,"11,37%","0,01"
36,Belice,30.180,29.818,59.998,"14,71%","-0,75"
37,Canadá,3.786.190,4.174.467,7.960.657,"21,17%","-0,34"
38,República Democrática del Congo,463.954,499.879,963.833,"1,10%","0,03"
39,República Centroafricana,48.004,42.645,90.649,"1,91%","-0,02"
40,República del Congo,220.238,181.904,402.142,"8,80%","-0,38"
41,Suiza,1.265.343,1.306.686,2.572.029,"29,89%","0,35"
42,Costa de Marfil,1.411.575,1.137.566,2.549.141,"9,91%","0,92"
43,Chile,442.929,497.063,939.992,"4,92%","2,27"
44,Camerún,250.177,255.515,505.692,"1,95%","-0,25"
45,Colombia,575.805,566.514,1.142.319,"2,31%","2,01"
46,Costa Rica,201.934,215.834,417.768,"8,23%","-0,11"
47,Cuba,2.097,2.789,4.886,"0,04%","-0,08"
48,Cabo Verde,7.922,7.742,15.664,"2,85%","0,05"
49,Chipre,85.208,106.714,191.922,"21,61%","-0,26"
50,Chequia,293.245,219.460,512.705,"4,79%","0,71"
51,Yibuti,60.654,54.687,115.341,"11,84%","-0,46"
52,Dinamarca,357.366,365.512,722.878,"12,41%","1,05"
53,Dominica,4.303,3.961,8.264,"11,51%","2,02"
54,República Dominicana,365.261,202.387,567.648,"5,48%","1,30"
55,Argelia,131.596,117.479,249.075,"0,57%","-0,03"
56,Ecuador,197.162,184.345,381.507,"2,21%","-0,17"
57,Estonia,80.616,109.626,190.242,"14,31%","-0,32"
58,Egipto,271.048,233.005,504.053,"0,51%","0,01"
59,Eritrea,8.922,7.179,16.101,"0,32%",0
60,Etiopía,637.963,615.120,1.253.083,"1,31%","-0,01"
61,Finlandia,196.188,186.928,383.116,"6,93%","0,70"
62,Fiyi,7.576,6.462,14.038,"1,57%",0
63,Estados Federados de Micronesia,1.508,1.311,2.819,"2,48%","-0,20"
64,Gabón,264.758,146.705,411.463,"18,94%","5,37"
65,Granada,3.536,3.588,7.124,"6,36%","-0,06"
66,Georgia,34.583,44.452,79.035,"2,13%","0,03"
67,Ghana,249.224,217.556,466.780,"1,55%","0,11"
68,Gambia,113.552,101.854,215.406,"9,18%","-0,08"
69,Guinea,70.695,49.947,120.642,"0,94%","-0,08"
70,Guinea Ecuatorial,175.403,52.214,227.617,"16,79%","-0,79"
71,Grecia,560.208,651.174,1.211.382,"11,30%","-0,06"
72,Guatemala,38.117,42.304,80.421,"0,46%","-0,02"
73,Guinea-Bisáu,12.990,13.926,26.916,"1,40%","0,02"
74,Guyana,8.398,7.301,15.699,"2,00%",0
75,Hong Kong,1.143.329,1.798.925,2.942.254,"39,12%","0,24"
76,Honduras,20.440,18.493,38.933,"0,40%","-0,01"
77,Croacia,239.681,278.402,518.083,"12,77%","-0,88"
78,Haiti,10.426,8.330,18.756,"0,17%","-0,20"
79,Hungría,253.884,258.159,512.043,"5,24%","0,09"
80,Indonesia,205.451,147.684,353.135,"0,13%",0
81,Irlanda,414.452,419.112,833.564,"16,79%","0,09"
82,Israel,887.768,1.068.578,1.956.346,"21,61%","-0,92"
83,India,2.640.513,2.514.224,5.154.737,"0,38%","-0,01"
84,Irak,214.288,153.774,368.062,"0,94%","-0,04"
85,Irán,1.421.804,1.260.410,2.682.214,"3,23%","-0,10"
86,Islandia,27.554,24.850,52.404,"14,39%","2,38"
87,Jamaica,11.920,11.548,23.468,"0,86%",0
88,Jordania,1.685.358,1.661.345,3.346.703,"33,13%","0,09"
89,Kenia,522.321,522.533,1.044.854,"2,20%","-0,18"
90,Kirguistán,80.945,119.315,200.260,"3,13%","-0,13"
91,Camboya,42.379,36.270,78.649,"0,50%",0
92,Kiribati,1.594,1.428,3.022,"2,56%","-0,09"
93,Comoras,6.047,6.457,12.504,"1,47%","-0,07"
94,San Cristóbal y Nieves,3.992,3.595,7.587,"14,36%","-0,22"
95,Corea del Norte,24.576,24.817,49.393,"0,19%",0
96,Corea del Sur,652.746,510.909,1.163.655,"2,25%","0,01"
97,Kuwait,2.013.803,1.021.042,3.034.845,"63,54%","-6,84"
98,Kazajistán,1.836.893,1.868.663,3.705.556,"19,89%","-0,13"
99,Laos,31.099,17.176,48.275,"0,67%","0,02"
100,Líbano,895.875,967.998,1.863.873,"27,19%","-1,25"
101,Santa Lucía,4.026,4.357,8.383,"4,59%","-2,53"
102,Liechtenstein,12.406,13.061,25.467,"65,73%","0,97"
103,Sri Lanka,20.909,19.109,40.018,"0,18%","-0,01"
104,Liberia,53.857,40.591,94.448,"1,91%","-0,19"
105,Lesoto,3.751,3.177,6.928,"0,33%","0,01"
106,Lituania,49.293,67.925,117.218,"4,20%","-0,24"
107,Luxemburgo,148.670,143.053,291.723,"46,59%","2,72"
108,Letonia,93.396,143.870,237.266,"12,44%","-0,84"
109,Libia,582.673,235.543,818.216,"12,44%","0,21"
110,Marruecos,49.479,49.095,98.574,"0,28%","0,01"
111,Mónaco,12.851,13.660,26.511,"68,03%","12,53"
112,Moldavia,42.839,61.874,104.713,"3,97%","0,02"
113,Montenegro,27.982,42.985,70.967,"11,41%",0
114,Madagascar,19.897,15.037,34.934,"0,13%","-0,01"
115,Islas Marshall,2.019,1.277,3.296,"5,99%","-0,11"
116,Macedonia del Norte,54.682,76.493,131.175,"6,32%","0,01"
117,Malí,237.428,230.802,468.230,"2,38%","0,31"
118,Birmania - Myanmar,41.652,34.346,75.998,"0,14%",0
119,Mongolia,14.114,7.014,21.128,"0,64%","0,07"
120,Mauritania,97.766,75.221,172.987,"3,82%","-0,11"
121,Malta,45.986,38.963,84.949,"16,51%","6,94"
122,Mauricio,15.979,12.870,28.849,"2,28%","0,01"
123,Maldivas,60.709,8.540,69.249,"13,04%","-0,46"
124,Malaui,117.932,129.720,247.652,"1,33%","-0,01"
125,México,531.912,528.795,1.060.707,"0,84%","-0,15"
126,Malasia,2.097.159,1.333.221,3.430.380,"10,55%","2,11"
127,Mozambique,161.731,172.934,334.665,"1,10%","0,24"
128,Namibia,57.938,49.623,107.561,"4,37%","0,36"
129,Níger,139.426,154.735,294.161,"1,26%","-0,11"
130,Nigeria,689.321,567.087,1.256.408,"0,63%","-0,02"
131,Nicaragua,21.704,20.468,42.172,"0,64%",0
132,Países Bajos,1.103.004,1.179.787,2.282.791,"13,11%","1,14"
133,Noruega,451.599,416.166,867.765,"16,17%","1,08"
134,Nepal,148.487,342.315,490.802,"1,72%","-0,10"
135,Nauru,1.206,908,2.114,"19,64%","-15,44"
136,Nueva Zelanda,516.814,551.925,1.068.739,"21,43%","-0,74"
137,Omán,1.911.526,374.700,2.286.226,"49,51%","4,04"
138,Panamá,94.396,90.676,185.072,"4,39%","-0,26"
139,Perú,424.317,357.852,782.169,"2,43%","2,13"
140,Papúa Nueva Guinea,18.944,12.268,31.212,"0,36%","-0,03"
141,Filipinas,113.239,105.291,218.530,"0,20%","-0,01"
142,Pakistán,1.714.663,1.543.315,3.257.978,"1,52%","-0,14"
143,Polonia,289.754,366.231,655.985,"1,73%","0,04"
144,Estado de Palestina,112.452,141.283,253.735,"5,10%","-0,26"
145,Palaos,2.875,2.191,5.066,"28,14%","0,43"
146,Paraguay,83.412,77.107,160.519,"2,24%","-0,07"
147,Catar,1.845.678,384.010,2.229.688,"79,66%","16,49"
148,Rumanía,248.851,213.701,462.552,"2,39%","0,49"
149,Serbia,361.216,459.096,820.312,"11,84%","0,39"
150,Rusia,5.713.879,5.926.680,11.640.559,"7,93%",0
151,Ruanda,269.917,270.015,539.932,"4,28%","0,58"
152,Arabia Saudita,9.001.182,4.121.156,13.122.338,"38,35%","0,99"
153,Islas Salomón,1.421,1.111,2.532,"0,38%","-0,02"
154,Seychelles,9.049,3.877,12.926,"13,24%","-0,25"
155,Sudán,607.151,615.941,1.223.092,"2,86%","1,06"
156,Suecia,1.008.536,996.674,2.005.210,"19,42%","2,15"
157,Singapur,950.192,1.205.461,2.155.653,"37,79%","-8,96"
158,Eslovenia,142.626,110.496,253.122,"12,08%","0,24"
159,Eslovaquia,96.010,91.974,187.984,"3,44%","0,05"
160,Sierra Leona,30.724,23.608,54.332,"0,70%","-0,57"
161,San Marino,2.936,2.571,5.507,"15,85%","0,11"
162,Senegal,145.996,129.243,275.239,"1,69%","-0,03"
163,Somalia,27.184,24.947,52.131,"0,34%","0,03"
164,Surinam,25.227,20.930,46.157,"7,72%","-0,46"
165,Sudán del Sur,441.677,423.875,865.552,"7,82%","0,07"
166,Santo Tomé y Príncipe,1.085,1.089,2.174,"1,01%","-0,10"
167,El Salvador,20.269,22.348,42.617,"0,66%",0
168,Siria,444.710,423.138,867.848,"5,08%","-0,85"
169,Suazilandia,16.582,15.728,32.310,"2,81%","-0,23"
170,Chad,236.334,275.896,512.230,"3,21%","-0,05"
171,Togo,141.286,137.856,279.142,"3,45%","-0,24"
172,Tailandia,1.825.505,1.809.580,3.635.085,"5,22%","0,03"
173,Tayikistán,118.207,155.864,274.071,"2,94%","-0,14"
174,Timor Oriental,5.086,3.331,8.417,"0,65%","-0,32"
175,Turkmenistán,92.240,102.887,195.127,"3,28%","-0,11"
176,Túnez,29.744,27.711,57.455,"0,49%","-0,01"
177,Tonga,2.048,1.704,3.752,"3,75%","-1,15"
178,Türkiye,3.258.212,2.618.617,5.876.829,"7,07%","1,03"
179,Trinidad y Tobago,29.114,30.135,59.249,"4,25%","0,62"
180,Tuvalu,131,107,238,"2,04%","0,74"
181,Tanzania,251.424,257.742,509.166,"0,88%","-0,02"
182,Ucrania,2.135.064,2.829.229,4.964.293,"11,90%","0,14"
183,Uganda,836.620,897.546,1.734.166,"4,35%","-0,14"
184,Uruguay,36.988,44.494,81.482,"2,35%","0,03"
185,Uzbekistán,545.048,623.336,1.168.384,"3,51%","-0,10"
186,San Vicente y las Granadinas,2.398,2.294,4.692,"4,24%","0,06"
187,Venezuela,685.975,689.715,1.375.690,"4,82%","-0,03"
188,Vietnam,44.087,32.017,76.104,"0,08%",0
189,Vanuatu,1.612,1.633,3.245,"1,11%","-0,05"
190,Samoa,2.038,1.997,4.035,"2,05%","-0,45"
191,Yemen,202.414,183.214,385.628,"1,22%","-0,14"
192,Sudáfrica,2.350.362,1.873.894,4.224.256,"7,19%","0,12"
193,Zambia,86.098,84.151,170.249,"0,93%","0,02"
194,Zimbabue,233.652,177.605,411.257,"2,81%","0,01"
